t,g,seed,status,c_pi,c_gamma_pi,c_pi_gamma_inv,plus,minus,g_plus,g_minus,components,penalty,restart,step,permutation_image
13,16,437359,found,24,11,11,56,56,16,16,1,0,0,394,28 9 24 42 7 30 36 8 38 47 0 66 4 73 75 39 1 67 18 63 70 40 45 77 64 15 26 27 74 5 31 29 58 52 34 16 43 23 54 60 21 37 3 2 44 22 14 35 50 49 48 51 69 56 32 55 53 13 46 25 62 11 59 71 6 17 76 65 61 20 33 68 10 57 72 12 19 41
14,18,438368,found,24,12,12,62,62,18,18,1,0,0,391,0 1 41 23 18 29 51 6 71 10 9 13 2 72 4 78 80 61 3 35 21 38 24 14 59 54 64 50 28 76 20 11 77 60 34 19 37 36 57 70 67 12 66 65 45 32 42 47 69 8 25 7 40 79 27 58 53 17 48 22 30 46 55 68 26 49 33 15 56 62 74 16 31 75 39 73 83 5 52 63 43 81 44 82
15,19,439377,found,26,13,13,66,66,19,19,1,0,0,782,56 80 58 3 28 9 6 34 52 29 33 0 20 10 16 24 15 4 18 48 45 43 69 68 86 47 46 53 17 14 35 73 42 22 7 71 59 8 39 40 72 36 13 5 77 19 26 25 11 87 50 64 37 57 54 55 82 65 44 79 60 51 62 67 61 12 78 89 23 32 70 49 88 31 74 41 2 76 83 75 1 38 84 30 85 81 21 66 27 63
16,20,440386,found,30,12,12,70,70,20,20,1,0,0,1008,70 66 25 13 63 91 10 18 37 6 54 48 64 12 24 28 23 74 86 45 8 51 65 94 79 2 73 36 35 52 84 31 87 71 34 39 55 20 21 26 33 17 85 89 76 69 61 47 11 95 29 72 83 27 50 49 0 57 56 59 22 53 62 19 3 60 32 93 67 15 4 40 75 58 41 38 44 42 16 90 80 43 82 9 30 77 7 88 1 81 14 5 92 68 78 46
17,21,441395,found,31,14,14,74,74,21,21,1,0,0,1011,82 83 17 97 96 78 0 6 12 79 9 57 52 22 14 87 16 2 85 88 19 21 30 23 24 76 68 90 38 98 42 66 64 33 65 75 84 7 28 94 40 72 73 25 50 56 47 67 71 77 69 13 8 48 45 55 54 80 63 99 4 59 62 61 32 43 31 26 58 74 34 53 41 15 37 86 91 49 51 10 11 44 81 95 36 89 35 27 20 18 46 92 100 1 29 101 60 3 39 5 70 93
17,22,450571,found,31,12,12,76,76,22,22,1,0,0,758,44 60 43 35 83 73 72 0 89 79 51 11 25 16 98 10 40 91 66 84 8 70 22 85 2 12 62 55 18 28 17 38 52 78 59 13 95 36 48 76 90 15 101 46 32 64 24 56 88 31 97 21 41 54 53 37 61 87 58 99 1 47 26 34 45 9 71 82 3 19 7 29 6 74 93 50 39 77 14 42 86 23 67 80 69 81 4 57 49 20 68 75 92 5 94 27 33 65 96 63 100 30
18,23,442404,found,32,14,14,80,80,23,23,1,0,0,1049,34 0 84 16 75 102 7 45 52 44 98 69 64 19 5 24 3 17 14 13 72 21 38 47 100 4 104 70 88 49 37 31 83 8 78 22 105 30 25 39 43 40 20 41 56 6 71 66 74 29 50 67 35 15 107 59 9 23 1 87 61 82 65 77 63 2 57 36 42 95 27 76 80 12 48 10 99 54 96 90 68 92 60 32 106 11 86 85 97 91 79 62 81 33 28 58 55 94 93 73 53 101 18 103 26 51 89 46
19,24,443413,found,37,12,12,84,84,24,24,1,0,0,1246,14 48 93 46 83 44 106 7 39 4 109 31 75 15 61 108 12 29 18 89 20 21 38 104 24 25 88 78 6 17 30 28 45 33 34 41 2 54 16 65 70 35 42 49 51 37 79 13 111 90 84 55 3 101 67 5 80 97 58 59 102 112 99 40 64 9 23 85 69 68 36 22 98 52 1 71 100 103 11 73 32 82 92 8 27 56 66 87 26 19 107 91 72 81 10 96 95 57 74 77 47 86 113 62 0 105 50 43 76 94 110 63 53 60
20,25,444422,found,42,10,10,88,88,25,25,1,0,0,1111,53 26 2 81 72 100 57 49 39 103 27 104 90 42 14 61 32 107 18 71 116 68 76 88 54 25 34 10 51 30 70 13 64 15 1 4 36 38 23 82 69 110 31 59 3 105 45 0 48 7 94 83 47 52 20 56 101 6 73 115 37 112 118 63 84 55 111 74 108 40 60 19 35 43 102 91 12 117 78 89 80 44 8 99 77 85 41 62 24 79 22 75 114 113 50 95 96 11 46 28 109 97 67 98 93 92 29 17 21 5 86 66 33 65 9 58 106 16 87 119
21,26,445431,found,40,15,15,92,92,26,26,1,0,0,937,0 58 33 29 63 41 16 88 113 49 68 62 12 99 42 57 75 84 36 19 122 94 2 23 38 25 80 32 22 81 102 48 103 119 34 35 98 74 104 20 106 44 100 43 13 124 46 47 31 115 118 120 90 17 54 110 72 51 86 114 61 96 30 111 64 89 67 70 112 77 71 66 9 91 14 108 109 69 26 78 101 82 4 83 45 65 1 59 6 85 105 107 93 92 125 53 50 18 97 3 37 79 11 27 24 116 40 73 7 60 55 39 10 8 87 56 52 28 117 76 15 121 5 21 95 123
21,27,454607,found,39,14,14,94,94,27,27,1,0,0,1220,1 87 105 92 98 37 42 109 17 9 62 84 12 10 21 15 95 8 3 107 30 63 13 54 19 53 103 85 22 29 25 79 100 34 33 121 18 114 49 16 46 77 11 115 125 45 58 35 81 89 111 43 52 31 96 75 72 56 40 24 102 28 61 44 64 65 101 73 122 2 51 93 88 55 50 67 23 41 108 124 80 120 106 112 110 60 5 68 57 71 48 91 36 119 94 39 76 59 4 0 99 74 27 26 104 69 117 97 83 7 6 78 66 113 86 14 20 70 47 38 90 118 32 123 116 82
22,27,446440,found,41,17,17,96,96,27,27,1,0,0,2259,114 35 67 3 95 4 16 41 92 8 0 25 12 126 14 110 32 13 18 93 86 31 50 21 43 118 42 19 28 17 30 91 6 94 128 58 112 49 121 1 40 7 87 55 73 36 46 79 68 83 106 85 60 52 54 57 56 115 45 34 37 97 53 63 65 47 102 108 127 69 84 122 72 105 78 96 76 59 44 99 74 9 23 82 11 61 20 129 88 116 90 103 81 113 26 24 75 98 80 64 100 125 29 66 111 51 120 107 48 109 130 104 2 27 89 5 117 70 10 119 39 77 71 123 124 101 62 22 38 33 15 131
22,28,455616,found,42,14,14,98,98,28,28,1,0,0,1641,40 106 2 128 4 44 6 43 117 46 131 11 69 16 60 33 31 22 72 20 81 122 9 12 71 3 42 88 41 87 14 45 36 15 119 100 35 37 54 116 39 108 47 63 53 13 24 56 93 85 5 65 52 50 51 55 113 95 58 79 78 61 0 64 90 115 83 49 120 34 96 102 124 73 94 8 110 77 19 82 32 99 70 21 76 66 29 105 27 89 7 111 107 48 30 57 125 75 97 74 80 130 17 104 109 112 1 92 28 103 86 91 84 26 59 101 62 38 118 126 68 121 67 123 18 114 23 127 129 25 98 10
23,29,447449,found,45,14,14,102,102,29,29,1,0,0,1791,133 98 79 112 12 5 42 62 55 59 9 18 56 0 117 107 7 86 11 24 75 33 87 6 60 25 136 116 28 114 82 134 127 21 103 68 71 85 94 46 76 36 23 43 108 80 32 64 67 2 27 54 120 49 51 50 4 115 111 10 19 22 122 109 45 26 41 52 78 69 90 101 72 3 31 39 35 125 121 53 15 40 97 96 92 84 132 61 38 34 102 88 37 128 91 130 83 65 8 14 1 66 57 89 104 47 123 126 44 118 110 58 73 113 77 29 100 99 74 48 119 81 16 13 124 70 105 20 93 129 95 131 17 106 63 135 30 137
24,30,448458,found,45,17,17,106,106,30,30,1,0,0,2330,127 0 2 19 3 78 98 34 43 117 74 27 37 65 20 80 92 46 101 4 140 21 63 90 24 29 132 109 137 55 102 8 51 76 7 35 18 39 47 67 45 114 17 31 64 40 71 44 66 48 118 143 52 53 54 96 139 57 32 61 131 59 26 41 38 6 73 12 120 91 68 42 50 11 15 134 72 77 83 112 97 30 122 13 85 95 86 89 88 87 16 70 104 108 129 135 142 10 100 93 105 36 84 60 123 5 106 115 49 99 69 111 136 94 119 107 116 79 33 56 141 121 82 9 124 125 126 28 58 130 138 103 133 62 75 110 23 1 113 22 14 81 25 128
24,31,457634,found,45,15,15,108,108,31,31,1,0,0,1811,112 92 86 39 110 104 98 30 8 116 10 79 101 126 82 83 23 122 7 19 143 24 137 14 74 26 96 106 119 67 42 1 138 51 34 35 5 37 123 73 40 11 43 109 45 44 87 64 53 95 89 52 47 125 27 55 120 57 49 107 3 130 131 17 33 94 66 21 90 127 70 75 113 134 29 133 72 88 78 65 139 103 16 15 32 118 46 2 140 56 111 91 129 93 136 132 84 97 99 6 81 12 100 102 76 36 54 71 135 18 141 117 114 124 0 115 69 28 59 128 50 41 63 108 9 58 13 105 68 31 61 62 48 85 80 121 38 22 25 60 77 4 20 142
25,31,449467,found,50,15,15,110,110,31,31,1,0,0,1971,101 146 16 50 127 9 84 87 7 94 10 35 149 110 76 15 43 135 18 111 62 115 86 51 57 144 25 116 28 5 31 30 143 117 142 33 137 68 78 46 40 66 8 64 44 105 59 20 124 67 82 23 119 54 83 55 133 96 92 123 89 19 47 91 2 90 118 26 37 77 70 36 72 73 74 129 29 108 114 109 81 65 56 93 14 141 0 95 88 132 80 136 58 24 99 27 53 61 98 106 32 38 103 79 122 21 104 100 69 102 13 97 112 128 22 45 63 11 75 52 121 120 113 39 41 85 3 4 6 48 131 134 60 126 71 1 42 130 138 139 140 125 34 107 49 145 17 147 12 148
25,32,458643,found,49,14,14,112,112,32,32,1,0,0,2525,1 0 145 128 20 19 98 147 131 35 68 69 101 116 109 48 87 110 104 127 13 28 86 97 84 15 93 130 111 73 31 30 26 112 55 25 12 23 49 66 107 134 42 37 74 126 146 53 148 61 16 18 144 47 120 67 122 115 129 59 91 138 75 10 121 88 39 45 63 11 70 114 44 29 72 149 76 7 125 33 65 64 62 27 24 3 50 22 89 95 79 60 100 4 6 124 36 58 57 136 102 9 92 103 96 106 105 40 71 14 17 81 90 113 108 94 32 117 139 119 82 21 141 140 80 56 51 5 85 2 83 8 132 133 78 135 52 137 38 118 123 41 142 143 43 99 46 77 34 54
26,32,450476,found,53,15,15,114,114,32,32,1,0,0,1887,37 1 97 152 8 81 52 62 41 83 66 89 149 140 49 154 16 6 14 155 135 24 2 61 29 40 113 102 28 39 22 106 145 20 92 0 87 35 45 118 50 4 48 17 148 38 68 53 42 43 71 125 18 117 21 11 56 131 91 130 67 23 7 78 64 75 77 9 76 79 146 115 72 74 141 124 13 133 70 69 5 143 126 60 84 63 46 10 59 55 112 31 34 95 94 93 101 30 98 109 32 96 27 12 82 85 129 25 100 119 104 3 90 26 132 139 47 116 54 73 120 57 51 123 108 122 110 58 128 127 88 80 137 36 111 33 114 136 138 107 86 99 142 150 144 65 105 147 103 44 121 134 151 153 15 19
26,33,459652,found,50,16,16,116,116,33,33,1,0,0,1773,84 155 41 38 4 85 32 87 139 3 31 61 17 119 143 15 131 34 25 132 153 48 22 141 57 150 29 39 94 142 71 114 36 6 79 20 66 37 45 55 102 117 13 30 65 18 46 89 144 60 116 26 95 53 51 10 105 96 58 8 111 122 126 63 146 44 76 78 68 5 70 91 101 74 149 97 151 59 67 1 80 135 108 109 0 69 100 7 88 47 125 138 124 103 12 140 23 35 98 99 77 72 27 93 121 136 82 107 106 83 19 49 118 64 40 115 50 14 147 42 56 127 92 86 11 129 62 148 104 90 130 81 110 112 134 16 120 33 137 123 133 52 73 28 152 145 113 24 128 54 9 43 21 75 154 2
27,34,451485,found,51,18,18,120,120,34,34,1,0,0,3614,0 134 35 4 94 5 15 49 8 159 10 157 103 13 7 140 124 110 104 99 52 20 32 131 80 135 158 41 136 153 58 93 160 89 96 43 149 109 145 102 61 46 29 77 90 48 26 47 150 156 50 85 121 33 88 127 22 154 30 45 92 107 62 59 65 64 82 106 68 69 18 144 147 142 75 24 34 2 63 128 78 81 66 57 71 146 55 87 115 53 72 155 23 152 151 16 118 98 31 19 100 161 39 138 70 105 125 40 60 9 54 25 112 12 67 139 119 132 76 133 95 21 122 6 120 114 3 130 73 14 86 108 117 116 1 111 28 27 91 129 11 141 79 143 97 38 51 44 36 148 42 113 101 83 74 126 17 123 137 37 56 84
27,35,460661,found,52,15,15,122,122,35,35,1,0,0,2211,97 72 2 14 4 159 6 9 40 15 18 78 22 0 138 115 24 158 82 63 137 21 20 50 52 68 110 142 81 141 132 39 32 111 113 125 120 155 118 31 8 58 69 47 129 45 44 43 84 85 117 106 16 54 55 151 93 101 74 1 94 112 75 19 64 65 156 66 92 26 70 148 107 11 61 62 76 51 73 79 57 80 140 122 37 98 36 25 30 89 59 91 87 121 109 131 96 133 46 48 28 100 144 103 41 130 42 90 108 29 77 35 116 99 86 7 152 12 154 119 128 56 38 10 95 71 143 27 161 49 17 124 88 67 139 60 13 23 3 136 102 160 127 126 123 145 147 146 33 157 150 53 104 114 83 34 134 149 105 5 135 153
28,35,452494,found,57,15,15,124,124,35,35,1,0,0,3663,26 15 52 145 8 5 106 99 92 61 119 140 28 14 38 64 130 96 37 139 98 97 33 90 146 29 132 59 1 79 30 118 51 22 166 85 46 21 13 32 165 143 126 115 104 45 16 3 48 60 125 138 58 71 10 121 108 149 133 154 113 117 67 40 101 84 124 62 68 116 153 158 73 50 88 164 141 77 167 93 83 19 7 82 110 35 86 2 74 94 87 91 12 57 89 95 161 100 20 75 18 44 111 63 4 152 27 151 56 109 65 131 120 137 114 43 136 155 31 54 112 55 123 122 66 78 42 11 128 107 36 102 0 23 103 6 69 49 39 81 134 41 76 80 105 47 24 34 25 148 150 129 144 70 135 9 162 157 156 160 159 17 53 163 142 127 147 72
28,36,461670,found,50,20,20,126,126,36,36,1,0,0,2690,37 44 120 67 65 0 159 156 29 124 10 106 30 92 118 35 80 27 33 20 51 132 50 155 7 139 99 108 16 161 143 88 84 94 165 15 5 144 76 125 160 145 62 87 1 117 167 45 104 23 77 14 25 2 52 89 61 57 114 41 70 110 42 72 63 4 66 47 59 158 71 60 146 101 100 112 97 22 111 38 138 21 82 81 122 107 127 90 31 91 43 55 131 163 18 166 96 113 9 75 130 73 128 129 48 53 11 85 17 34 115 12 157 79 58 116 153 164 64 40 83 121 154 123 98 39 149 86 133 103 148 13 68 102 134 135 49 95 141 24 74 142 46 78 36 150 19 54 140 126 105 69 109 93 32 136 147 26 28 6 119 8 152 56 3 162 137 151
29,36,453503,found,57,18,18,128,128,36,36,1,0,0,4059,39 141 119 105 157 74 6 147 8 164 99 9 127 38 83 55 160 108 19 125 109 53 94 31 32 60 26 163 149 158 156 107 77 98 34 35 36 122 91 143 81 23 4 16 96 52 70 42 15 57 142 51 80 21 49 144 151 54 135 132 82 66 12 145 58 10 61 22 0 169 100 86 173 43 24 47 1 5 78 68 155 171 25 113 18 17 137 33 165 44 136 13 121 123 148 146 131 73 46 71 93 134 103 102 97 3 106 41 85 20 153 27 116 67 114 168 112 111 138 152 48 92 37 14 110 128 126 62 89 129 76 84 59 95 101 45 90 65 118 162 140 11 87 50 120 161 133 88 79 28 150 56 2 124 29 154 30 75 159 64 104 63 172 117 130 7 166 167 115 69 40 170 139 72
29,37,462679,found,60,13,13,130,130,37,37,1,0,0,2957,73 94 126 131 19 5 84 135 172 9 18 166 106 71 14 95 98 171 23 33 58 142 22 148 91 121 85 31 162 59 62 8 100 151 39 35 155 115 40 55 38 41 101 43 11 173 46 17 6 93 112 123 52 140 53 96 69 57 125 29 56 30 61 66 152 50 7 3 64 122 118 27 12 74 0 144 116 67 70 159 49 108 127 10 45 26 21 114 77 89 92 25 90 136 1 154 34 120 110 20 2 42 168 15 169 163 75 156 16 109 97 111 4 104 36 37 81 124 78 80 76 24 60 139 117 99 32 82 119 129 63 72 130 164 134 132 47 137 138 141 44 51 86 143 160 145 146 147 149 83 133 65 68 28 105 165 161 88 158 79 157 107 153 103 150 87 54 48 102 113 170 128 13 167
30,37,454512,found,61,17,17,132,132,37,37,1,0,0,3488,81 43 23 77 5 4 24 140 90 114 158 157 128 42 145 78 16 20 66 51 87 21 22 2 61 30 168 88 149 165 105 14 89 144 156 45 9 70 38 109 41 122 116 1 155 29 110 54 94 141 124 63 137 102 97 55 47 171 115 103 60 106 159 178 161 113 18 133 69 68 95 65 170 104 76 75 175 3 179 58 80 164 131 31 71 84 151 176 72 25 8 91 92 93 146 154 13 44 148 163 121 35 40 120 73 32 48 107 160 15 52 117 138 17 36 79 96 143 142 150 100 59 129 7 28 86 19 127 134 53 56 135 162 67 12 177 112 46 136 49 123 139 173 111 26 83 166 147 98 50 85 74 99 153 37 10 34 11 130 62 108 64 167 152 0 101 6 27 33 169 132 57 118 172 174 125 119 82 126 39
30,38,463688,found,58,18,18,134,134,38,38,1,0,0,3397,12 171 73 16 23 49 58 7 79 8 75 11 25 156 13 165 134 59 18 117 28 46 140 177 162 160 176 20 27 92 40 33 55 30 56 141 36 174 31 39 14 50 67 121 97 126 29 45 102 122 54 113 137 52 35 32 84 111 6 17 21 96 2 69 64 65 110 150 169 87 1 53 139 62 114 151 103 128 155 9 142 105 152 83 89 164 10 63 60 42 90 77 91 147 94 149 153 44 85 146 173 100 161 19 104 119 95 0 179 154 66 163 112 133 74 37 81 76 118 116 120 43 99 47 127 157 123 178 57 3 130 143 132 51 129 135 106 61 138 72 22 93 144 131 145 168 109 48 98 4 34 5 68 71 101 78 38 125 158 86 175 41 80 26 148 166 15 167 159 82 170 70 172 24 115 107 88 136 124 108
31,38,455521,found,58,23,23,136,136,38,38,1,0,0,3120,26 168 65 95 4 32 154 7 6 9 146 156 185 30 132 52 80 128 18 91 1 40 22 177 29 108 8 100 64 152 86 171 19 33 34 35 76 55 81 109 71 149 69 155 121 45 118 127 166 113 120 16 42 157 145 24 56 66 75 115 60 107 58 63 62 133 112 85 98 11 159 31 72 73 122 129 36 39 165 23 51 14 17 131 5 3 172 181 84 161 44 88 0 15 99 103 114 43 119 38 27 153 67 102 104 135 83 61 25 77 116 110 54 170 46 28 78 117 70 140 50 49 179 123 105 125 47 126 82 59 92 106 94 2 90 124 136 169 139 138 68 148 142 141 150 151 10 48 143 144 41 57 93 101 20 111 37 180 97 21 160 163 167 13 164 74 147 53 130 89 134 79 173 137 174 176 175 178 96 158 162 184 183 182 87 12
31,39,464697,found,62,17,17,138,138,39,39,1,0,0,2981,137 1 98 3 73 30 114 162 29 157 77 178 62 159 12 48 99 56 80 41 24 113 154 109 123 13 0 163 121 8 108 153 119 32 66 183 127 129 135 185 131 51 42 168 44 133 57 102 18 33 70 19 6 103 94 107 17 64 132 138 118 175 161 106 71 65 34 69 68 50 67 46 61 144 182 26 76 23 79 84 15 40 180 87 85 78 86 104 45 72 11 5 117 58 54 170 96 116 2 25 49 101 36 75 142 134 14 55 141 20 110 177 115 169 52 112 97 92 16 43 139 28 27 53 171 125 37 47 100 126 146 174 93 165 31 143 128 156 151 120 22 81 83 38 140 179 105 150 148 82 147 7 59 130 4 155 10 9 158 60 63 160 172 176 164 88 173 167 136 21 95 152 124 166 91 89 122 35 90 184 149 181 74 111 145 39
31,40,473873,found,58,19,19,140,140,40,40,1,0,0,2829,48 109 60 20 45 133 165 7 120 8 124 76 12 118 82 59 92 14 18 107 3 1 179 93 67 134 127 154 2 80 24 185 98 78 175 100 126 52 9 58 40 125 105 69 123 4 46 70 0 140 143 79 51 53 173 63 162 178 39 38 65 83 62 64 102 81 61 101 29 43 114 71 94 73 16 34 15 122 42 72 176 171 90 35 86 37 130 168 184 104 17 75 74 183 28 159 96 112 22 54 99 30 172 163 180 115 106 88 19 110 21 111 181 145 152 33 157 13 117 66 11 121 23 147 10 77 31 153 142 87 6 131 170 108 26 167 137 91 138 139 49 132 116 50 174 128 149 155 27 41 150 158 151 119 148 56 156 146 47 95 160 161 68 103 57 84 166 135 129 169 141 85 55 25 36 136 177 44 164 32 89 97 182 113 5 144
32,40,456530,found,61,21,21,142,142,40,40,1,0,0,4190,71 43 2 124 89 5 9 179 7 86 137 52 67 166 27 15 25 130 145 149 20 45 168 23 24 138 50 119 85 68 32 31 99 58 173 178 3 88 188 92 51 154 47 81 93 125 46 16 143 182 114 40 11 105 90 19 57 56 70 110 48 100 109 111 151 13 97 6 29 160 122 177 72 83 41 139 132 77 167 87 49 144 102 165 36 123 38 79 0 28 140 91 136 44 95 94 120 66 17 34 126 141 76 21 163 4 106 180 108 62 69 63 189 187 26 8 37 10 117 73 96 134 33 53 84 103 61 186 190 129 191 60 172 133 162 22 112 118 135 75 121 101 157 185 127 128 146 147 78 55 59 153 35 64 42 155 104 30 113 65 150 156 54 161 115 14 159 142 74 82 174 171 176 148 152 175 169 116 181 107 12 170 80 164 184 131 1 158 183 39 18 98
32,41,465706,found,61,19,19,144,144,41,41,1,0,0,3215,36 175 95 92 124 178 66 160 136 148 13 126 117 35 1 123 16 132 45 11 133 0 89 141 169 6 4 185 121 186 30 168 137 170 84 10 21 18 29 165 2 41 42 129 187 180 46 59 171 88 64 142 79 70 112 56 58 161 43 172 60 134 146 93 151 28 183 108 68 139 53 113 37 120 74 87 99 77 96 152 22 81 82 188 76 128 72 75 103 80 90 110 145 150 191 40 78 98 153 83 49 12 69 100 184 54 107 106 67 23 19 125 47 71 17 15 182 114 118 174 173 85 179 115 130 189 127 166 65 55 111 8 31 176 9 34 177 32 138 52 158 122 51 159 190 3 62 147 144 39 33 50 102 44 94 163 156 38 135 143 14 57 162 167 164 86 91 155 97 63 25 48 105 7 119 73 20 131 5 109 154 181 116 24 104 27 157 101 140 26 61 149
33,41,457539,found,64,21,21,146,146,41,41,1,0,0,4175,0 44 5 36 3 1 91 19 153 70 123 51 183 13 196 15 179 169 174 159 54 156 178 197 190 149 188 97 28 57 30 12 119 67 147 85 138 56 20 24 40 69 37 62 39 7 10 152 74 27 176 11 164 102 72 109 42 50 110 170 76 35 43 121 65 64 92 66 101 55 157 26 93 49 52 162 60 59 16 135 79 140 184 45 38 158 78 165 88 89 154 111 145 104 117 166 96 73 118 77 100 105 167 150 83 68 144 182 194 187 34 58 112 4 87 125 116 94 98 136 120 146 142 81 124 115 137 8 129 128 180 31 161 122 134 155 32 33 113 139 173 141 130 106 86 172 63 175 18 71 103 151 181 46 90 80 107 126 61 84 160 132 75 163 48 114 95 53 168 82 99 171 108 127 41 6 131 177 193 21 9 2 14 29 17 47 186 148 189 25 185 191 192 22 133 195 143 23
33,42,466715,found,64,19,19,148,148,42,42,1,0,0,4721,23 128 98 9 80 196 127 160 83 3 178 41 17 63 107 74 76 30 5 19 166 189 24 185 123 105 97 138 188 29 12 91 151 33 38 116 51 174 150 161 64 135 44 165 42 187 39 194 106 22 155 79 171 86 54 2 56 159 58 59 130 13 144 175 192 81 139 109 111 21 180 182 197 52 15 154 16 96 65 18 124 108 8 168 84 85 148 60 134 95 90 27 132 45 94 6 77 149 99 101 100 55 82 103 48 20 37 71 36 146 66 53 69 73 114 119 34 118 162 115 72 0 1 49 57 140 126 89 122 120 131 93 92 129 10 11 28 137 31 110 125 177 143 142 112 62 117 193 68 26 35 7 152 61 163 195 170 164 167 4 147 46 67 75 157 169 186 113 102 43 156 158 121 184 104 78 176 50 88 179 173 181 14 183 70 172 40 25 136 145 191 190 87 32 47 141 153 133
34,42,458548,found,69,19,19,150,150,42,42,1,0,0,4804,1 0 143 3 4 160 110 201 200 38 39 26 51 179 181 165 13 40 18 19 119 74 198 76 140 5 191 62 178 193 80 8 24 12 27 35 96 66 9 88 104 99 91 87 70 45 141 152 196 197 48 7 52 21 25 139 93 36 135 59 60 65 10 20 44 61 37 142 118 68 64 78 183 92 53 83 190 28 145 155 23 49 109 147 151 111 117 161 137 30 90 63 172 103 84 102 98 123 57 41 187 106 107 127 17 166 6 157 94 82 184 203 112 114 170 2 116 86 46 199 189 131 54 132 124 125 73 168 128 144 75 138 175 97 134 31 174 32 56 55 34 69 67 85 129 162 71 43 148 149 29 108 194 153 136 202 156 95 50 154 159 130 167 115 89 15 72 146 47 169 182 171 126 173 122 133 176 113 77 16 186 14 177 105 101 185 180 150 188 120 164 11 33 100 81 163 158 121 22 42 58 192 79 195
34,43,467724,found,65,21,21,152,152,43,43,1,0,0,5580,70 187 140 43 63 40 17 7 132 66 10 35 127 199 14 15 119 84 181 51 154 78 1 139 74 175 105 121 28 160 23 150 19 122 87 32 195 59 88 144 18 152 3 37 147 65 52 180 90 83 179 11 126 137 62 151 165 156 61 131 106 159 12 111 136 77 190 67 141 56 120 178 109 97 92 34 183 16 196 130 80 169 76 49 6 85 86 171 128 89 48 53 24 93 133 118 82 73 72 99 194 170 167 96 125 0 4 203 102 21 64 60 182 200 115 114 68 117 8 94 41 69 129 193 45 201 13 26 50 33 138 173 95 162 158 135 71 91 79 55 123 157 142 46 39 191 146 44 166 38 31 30 54 153 20 110 149 116 2 185 29 148 124 163 9 27 161 108 172 184 197 75 58 42 174 101 81 177 155 57 47 5 112 103 176 168 198 188 22 189 164 145 143 202 25 36 98 100 192 186 113 104 107 134
34,44,476900,found,66,18,18,154,154,44,44,1,0,0,4749,178 86 102 1 89 5 85 203 60 105 120 11 176 139 47 113 4 133 95 72 151 98 22 202 24 40 61 26 159 96 32 31 132 69 177 193 36 37 169 114 196 185 140 191 110 25 91 38 134 118 62 45 84 78 13 58 172 99 21 59 65 174 17 63 27 198 189 116 35 183 125 142 39 137 156 75 97 10 53 41 51 81 83 82 3 163 148 192 30 100 115 152 92 135 71 180 93 153 70 80 76 94 56 155 154 146 106 168 108 144 179 138 165 19 101 112 122 68 49 197 9 121 67 128 0 74 117 42 123 164 190 194 107 186 48 29 109 188 171 54 127 166 126 33 18 90 77 147 52 149 182 20 46 16 104 103 161 157 136 160 28 55 184 143 88 34 8 158 129 14 170 162 2 43 64 175 12 145 124 44 181 167 150 6 111 79 50 187 73 66 195 87 173 15 199 130 57 119 141 131 200 201 23 7
35,43,459557,found,73,18,18,154,154,43,43,1,0,0,4714,51 1 111 3 4 5 207 17 68 107 106 200 12 195 180 36 168 88 80 150 20 21 62 115 39 37 199 27 208 112 56 97 152 120 196 122 32 54 38 24 87 105 42 43 149 194 190 131 64 123 153 160 2 103 0 96 163 128 58 25 59 47 203 48 63 164 177 124 206 140 7 55 188 185 159 89 81 77 75 129 114 130 83 82 84 86 108 46 70 167 28 135 197 65 145 157 156 93 67 99 100 191 16 45 132 187 10 14 29 109 110 52 85 113 18 169 41 6 192 182 66 121 142 60 15 173 202 126 35 79 136 61 119 8 134 91 76 179 138 161 104 189 57 49 176 147 170 72 102 44 151 19 34 101 154 175 71 95 23 74 143 139 137 117 31 186 22 127 148 166 178 171 53 69 201 155 198 26 9 162 146 181 125 33 184 73 165 116 50 141 40 94 118 11 205 13 98 193 144 183 92 174 78 158 204 172 133 30 90 209
35,44,468733,found,68,21,21,156,156,44,44,1,0,0,6628,79 6 20 3 100 5 54 122 11 10 9 8 12 123 127 151 145 189 128 187 2 132 170 41 154 160 38 113 134 4 85 167 199 29 34 77 82 86 22 116 120 0 208 28 57 95 16 206 49 48 202 53 52 124 1 78 171 115 110 14 146 21 179 92 64 161 39 67 207 121 190 71 201 19 178 169 177 182 55 23 75 186 24 43 70 30 69 72 88 89 90 45 188 93 173 102 180 193 51 129 114 125 91 103 111 150 63 40 73 94 107 97 168 130 196 156 18 140 149 32 153 37 61 172 112 101 126 36 66 99 27 106 141 26 83 131 108 56 138 139 117 17 181 143 46 144 60 147 35 203 118 119 163 152 183 62 44 105 158 197 109 65 162 209 58 166 165 31 176 80 133 15 13 25 98 155 184 87 74 175 68 142 137 59 185 96 7 136 135 159 191 84 192 194 104 195 33 81 198 148 200 164 50 157 204 76 47 174 42 205
35,45,477909,found,64,23,23,158,158,45,45,1,0,0,4511,117 115 193 97 175 51 141 148 58 9 56 129 32 92 87 168 122 94 110 49 8 156 188 16 155 183 158 27 44 53 4 17 93 33 43 35 0 187 169 40 39 126 42 34 163 45 14 150 10 46 37 167 172 29 21 207 135 138 71 202 186 109 78 96 77 205 63 199 79 123 176 66 101 75 86 173 196 64 69 81 152 103 107 60 189 139 19 74 13 85 26 128 83 12 31 22 20 142 124 99 100 72 102 111 195 105 170 82 18 61 108 68 113 191 181 157 177 174 147 104 166 118 6 203 23 125 159 7 70 28 165 140 144 52 134 179 136 91 201 112 197 98 160 143 132 114 149 15 127 47 146 154 5 151 153 24 161 137 89 95 59 54 162 185 164 130 57 80 121 25 106 209 133 73 41 116 1 55 178 206 200 145 182 48 84 11 88 50 198 184 190 3 192 2 90 119 76 131 36 67 180 204 62 194 120 65 38 171 30 208
36,45,460566,found,72,20,20,160,160,45,45,1,0,0,5274,178 1 3 215 0 5 182 12 149 155 119 11 96 127 89 144 31 46 187 94 107 70 22 160 137 147 193 118 158 21 90 16 59 33 67 198 37 132 80 39 49 81 82 79 207 189 159 139 176 212 6 150 52 174 131 114 57 56 121 40 60 205 214 108 186 91 66 102 123 30 134 78 72 73 74 76 43 209 71 75 38 41 2 42 69 85 213 9 88 13 109 65 92 148 162 171 7 116 98 111 201 136 34 103 32 190 106 105 63 165 101 68 97 99 113 154 208 54 210 55 195 58 177 169 83 18 167 180 156 4 51 146 36 151 29 161 110 133 135 211 28 141 203 143 95 145 181 130 152 25 8 204 93 153 115 27 157 53 163 84 120 48 19 196 188 166 17 35 15 117 183 168 172 173 128 104 138 61 129 179 14 10 50 184 122 23 125 142 164 45 20 191 44 200 185 194 206 64 126 199 26 47 202 197 140 170 24 192 112 77 87 100 175 86 62 124
36,46,469742,found,71,19,19,162,162,46,46,1,0,0,6414,197 10 134 147 72 38 26 117 153 149 164 13 49 41 30 50 17 187 123 115 151 87 119 75 111 9 179 96 132 161 180 192 36 33 199 188 190 92 5 162 105 70 43 131 56 14 145 47 204 12 15 51 114 53 169 55 155 1 121 59 20 78 97 183 101 65 54 67 40 21 11 8 73 27 112 100 129 175 61 57 79 135 209 214 84 85 86 69 88 64 90 156 198 193 200 89 4 163 46 76 45 176 167 103 154 189 196 74 170 109 184 25 91 146 52 130 24 186 177 191 205 58 148 166 124 174 178 211 128 173 144 137 208 3 44 23 171 42 138 139 172 141 206 143 168 108 125 210 80 159 6 185 39 71 62 48 107 157 118 110 160 102 152 140 32 122 16 29 213 66 98 136 116 120 106 77 68 158 150 113 63 35 182 18 34 60 95 81 181 82 165 22 31 93 194 195 126 0 37 104 94 201 202 212 2 99 142 207 28 7 133 127 203 19 83 215
37,46,461575,found,76,19,19,164,164,46,46,1,0,0,6284,61 192 146 216 5 156 93 190 200 213 58 9 210 36 14 85 16 171 8 220 20 173 195 165 29 48 26 121 113 24 30 126 62 33 88 117 123 32 166 198 65 99 42 120 98 7 45 63 25 60 50 219 122 35 202 208 134 44 10 151 76 73 47 37 159 172 203 102 68 130 56 209 71 72 18 105 94 157 78 3 109 81 111 201 182 218 115 169 12 55 143 39 92 158 79 116 96 174 188 83 100 43 183 154 132 136 139 107 108 119 110 51 152 28 31 103 104 53 118 145 217 52 205 13 124 125 176 64 196 114 69 87 155 74 197 135 75 211 86 133 175 4 186 142 164 80 162 137 148 149 179 212 6 153 138 19 141 77 185 2 160 150 204 184 144 23 38 27 66 131 95 17 128 21 84 140 181 168 178 90 180 129 97 67 163 221 187 161 57 0 193 191 206 46 194 22 40 70 91 54 106 41 1 177 127 199 167 147 15 189 34 49 59 11 215 214 207 101 89 82 170 112
37,47,470751,found,71,22,22,166,166,47,47,1,0,0,7035,0 137 44 169 80 214 12 146 43 56 165 164 61 200 133 88 48 13 11 37 6 177 1 57 117 25 26 58 201 119 198 207 167 60 35 30 180 22 39 38 97 87 9 179 163 104 172 139 68 154 213 63 71 42 151 208 85 89 5 55 23 20 205 29 27 94 33 2 160 69 176 52 199 65 209 127 123 16 79 78 74 62 217 83 3 171 181 211 178 40 116 41 195 101 73 95 204 124 145 15 132 96 131 122 129 107 106 121 82 174 59 72 112 194 115 182 110 24 102 51 113 81 32 175 193 18 49 75 203 45 130 14 185 218 134 143 142 19 138 47 140 76 136 135 118 144 148 147 108 221 150 220 77 67 109 155 156 157 212 159 125 128 162 90 152 190 168 103 187 46 170 186 84 173 126 141 189 114 99 86 36 66 21 216 100 92 53 166 188 70 197 98 192 8 120 184 4 196 34 111 17 28 202 161 93 105 158 31 153 54 210 91 206 50 64 215 183 7 191 219 149 10
37,48,479927,found,71,20,20,168,168,48,48,1,0,0,4791,123 93 134 118 5 3 21 150 127 27 191 11 124 14 206 15 67 17 18 46 181 48 22 92 6 25 177 71 38 12 95 136 20 81 87 23 7 50 138 121 149 41 42 63 53 45 91 102 24 135 37 104 82 182 172 69 56 146 100 77 139 47 178 43 112 60 137 188 40 0 28 183 201 57 107 78 210 59 217 16 205 33 83 52 109 68 164 34 130 117 114 19 99 161 94 168 30 133 98 35 218 72 61 122 76 154 115 220 108 79 153 211 158 213 26 103 116 89 196 152 131 55 126 39 106 54 132 8 128 85 88 166 219 70 2 113 31 9 74 208 96 141 142 13 90 120 203 29 200 51 36 144 156 151 204 155 62 147 184 159 97 105 119 49 86 207 198 167 75 175 171 170 125 173 174 169 157 110 209 179 58 32 44 66 192 185 165 65 84 193 190 10 64 1 197 186 140 221 145 4 148 194 202 187 189 80 143 195 214 162 129 111 163 212 216 215 73 199 180 176 160 101
38,47,462584,found,77,21,21,168,168,47,47,1,0,0,5894,186 63 45 1 5 40 169 98 66 41 9 151 48 185 7 11 177 12 18 214 121 21 61 4 119 179 26 83 16 29 30 142 58 69 129 128 141 72 37 27 140 90 190 42 133 206 134 195 123 51 193 113 101 79 36 106 212 180 196 174 60 49 182 150 64 65 220 94 183 93 70 87 168 198 32 56 53 147 114 148 124 82 81 85 88 143 104 138 84 68 117 91 43 33 67 167 105 25 14 99 39 52 125 24 96 86 55 107 15 109 110 111 38 187 223 156 0 131 118 28 120 6 19 17 145 35 158 210 227 34 130 160 189 175 75 204 92 71 3 132 112 54 31 222 178 199 146 13 144 176 137 57 153 152 100 155 201 171 126 80 10 208 162 163 184 188 166 209 221 20 157 170 103 173 202 44 127 115 76 97 108 181 62 164 89 77 116 224 165 139 8 74 203 194 59 47 136 192 73 159 200 172 50 197 154 213 23 217 161 191 211 149 46 205 122 215 216 207 219 218 95 2 135 78 22 225 226 102
38,48,471760,found,77,19,19,170,170,48,48,1,0,0,6361,126 35 178 211 198 172 6 48 117 123 38 40 12 18 119 15 26 17 23 109 103 21 213 206 97 25 83 214 186 86 54 169 32 33 146 217 16 74 150 189 11 223 191 141 87 45 108 47 81 80 151 167 14 65 69 139 27 125 58 140 60 61 30 99 29 20 68 67 90 62 210 134 72 73 82 199 208 77 78 100 49 76 218 10 36 194 46 138 160 89 66 55 220 145 107 195 96 222 98 63 101 91 114 37 226 111 201 200 13 162 110 41 149 122 184 177 8 71 161 52 227 121 31 159 42 212 9 70 128 142 130 129 0 133 115 171 205 165 44 79 152 57 196 144 104 168 34 135 113 88 75 221 59 64 158 136 192 1 154 153 112 215 19 85 193 84 166 51 2 148 190 131 5 179 174 116 176 118 225 92 180 219 156 183 216 106 224 157 53 39 170 124 182 164 163 95 56 197 4 50 94 185 202 105 204 7 120 207 155 209 173 3 43 147 175 143 102 187 188 181 127 137 24 203 28 93 22 132
38,49,480936,found,74,20,20,172,172,49,49,1,0,0,4071,24 78 6 3 157 223 118 7 171 9 151 10 2 13 101 59 44 16 23 115 224 106 156 83 138 76 120 21 200 152 61 50 211 102 57 175 94 181 67 86 98 36 55 179 182 8 186 158 48 64 37 96 34 27 130 72 210 52 121 15 46 30 132 20 222 172 66 75 113 134 4 144 84 73 205 180 25 154 199 112 177 214 150 82 148 85 39 149 70 89 178 202 104 165 41 220 88 131 40 19 105 14 33 147 103 117 164 56 100 133 109 81 79 68 190 129 22 108 184 124 26 185 28 123 119 122 43 174 201 99 5 188 146 87 95 127 135 116 0 191 97 217 60 143 71 63 62 167 42 110 29 11 155 90 216 18 137 51 58 159 227 153 183 187 53 93 225 92 31 219 170 17 65 32 107 49 47 91 161 136 38 45 168 162 12 176 142 126 140 209 54 139 206 193 194 166 125 226 198 1 195 169 80 203 204 74 197 208 207 189 163 173 212 213 69 35 196 141 160 128 111 221 215 114 145 77 192 218
39,48,463593,found,78,23,23,172,172,48,48,1,0,0,7315,39 199 159 185 82 165 216 197 174 26 218 217 190 36 14 80 12 17 215 63 116 220 22 23 166 96 16 182 109 68 201 31 163 33 172 108 13 8 204 0 164 58 42 43 194 21 153 47 157 51 184 162 227 135 111 70 79 196 69 40 186 61 222 19 173 126 66 48 29 41 57 71 52 123 187 129 149 87 176 175 226 5 18 231 30 85 178 77 67 2 151 91 92 144 94 93 180 76 72 99 25 150 177 102 191 127 11 147 78 55 209 64 88 103 200 115 74 118 117 119 50 46 73 171 181 125 206 195 100 160 169 62 161 133 38 134 136 137 15 128 211 198 110 131 95 145 35 146 83 97 230 141 152 34 154 104 156 232 112 101 75 132 49 167 59 224 24 32 122 86 170 138 53 54 188 89 179 56 130 1 139 124 20 183 120 106 223 27 189 37 9 155 210 158 7 4 233 192 202 107 114 84 90 228 205 121 65 207 208 142 44 6 212 105 3 213 98 219 10 168 45 148 143 60 81 225 214 140 229 203 113 221 193 28
39,49,472769,found,79,20,20,174,174,49,49,1,0,0,7258,47 76 2 164 4 135 194 219 217 124 5 186 145 13 12 165 144 196 99 191 20 73 44 23 184 26 15 179 28 146 169 139 103 33 119 152 151 166 158 46 8 45 192 100 83 91 39 85 149 170 128 127 224 185 161 55 94 58 57 228 160 49 62 156 64 189 82 155 190 70 0 88 188 195 141 206 199 116 177 202 81 218 66 69 84 113 174 114 10 14 90 41 180 229 7 117 29 173 150 18 104 215 107 32 65 198 178 30 36 75 159 142 112 131 87 210 9 95 168 136 120 200 51 123 201 125 126 68 50 231 147 1 132 133 78 71 187 118 137 24 43 213 111 203 34 153 96 130 222 48 79 108 53 89 154 67 6 52 216 110 102 171 162 109 205 115 105 197 134 60 61 54 193 143 77 175 176 25 97 19 221 208 214 31 183 35 17 16 233 72 209 93 140 172 11 21 212 167 37 22 121 86 207 225 204 3 163 98 181 122 138 211 63 74 232 182 38 40 227 56 92 220 148 223 157 106 27 80 59 226 230 129 101 42
39,50,481945,found,74,23,23,176,176,50,50,1,0,0,4961,38 169 37 3 22 69 33 135 213 126 99 202 12 54 97 16 57 15 11 19 201 108 82 203 24 26 182 28 154 166 30 31 155 193 34 194 75 101 0 17 71 207 134 43 159 128 46 84 122 29 60 158 153 36 13 190 117 39 163 160 81 170 121 205 142 222 90 139 217 102 149 61 72 73 150 197 232 105 85 225 145 141 4 148 47 124 103 181 63 14 40 136 212 111 94 138 92 51 215 76 98 44 189 123 186 77 106 214 21 208 228 27 209 66 53 172 115 165 220 174 107 7 89 179 78 125 68 95 100 129 130 131 25 176 133 62 42 188 127 218 110 162 10 143 6 224 146 32 83 200 74 221 206 88 93 187 164 216 104 195 211 191 50 58 156 41 49 167 168 152 20 116 171 64 178 91 177 175 119 86 59 112 132 183 184 161 137 210 48 56 55 144 204 173 87 2 23 80 192 151 199 113 18 196 5 96 1 198 185 35 180 147 52 219 120 9 157 45 67 8 118 70 65 223 114 226 79 227 140 229 230 231 109 233
40,49,464602,found,84,20,20,176,176,49,49,1,0,0,8919,193 139 3 223 209 5 162 150 153 120 227 238 12 142 14 168 31 183 38 19 219 40 62 49 144 29 26 224 202 16 127 57 32 113 34 196 37 36 48 218 175 136 28 15 154 47 46 99 93 91 21 4 206 6 77 45 52 78 69 129 161 194 58 109 184 147 71 0 64 176 167 66 190 54 84 156 76 135 191 133 177 121 189 83 104 220 232 229 88 172 70 215 92 18 96 103 152 119 41 151 100 222 102 55 74 166 87 107 178 85 141 111 30 116 108 9 140 1 239 204 63 81 200 199 56 125 148 126 165 128 130 131 105 73 134 169 211 137 185 117 67 106 186 143 89 228 198 65 210 163 39 115 157 187 44 155 35 94 112 101 75 171 53 22 164 59 132 90 234 25 60 170 226 173 42 50 23 61 114 179 180 181 182 17 207 217 214 8 188 230 72 197 138 33 80 160 13 192 146 123 122 174 201 11 213 205 124 68 208 51 158 233 212 97 195 149 216 79 7 20 95 235 43 2 27 225 110 10 145 24 231 82 86 98 159 236 221 237 203 118
40,50,473778,found,83,19,19,178,178,50,50,1,0,0,7113,215 66 84 162 230 229 141 5 35 8 101 42 47 13 14 204 159 205 87 1 219 7 223 61 206 25 32 107 121 33 186 102 43 185 60 49 132 58 221 167 46 175 11 199 194 148 144 98 133 9 150 191 81 140 10 226 161 195 108 171 2 90 62 122 105 67 40 182 114 69 70 71 36 73 37 83 82 124 190 86 214 80 76 75 134 94 123 18 198 236 163 208 169 93 153 129 96 233 88 109 6 45 29 74 52 179 63 27 220 99 154 106 92 207 128 160 210 234 118 119 196 57 111 227 152 4 126 127 68 95 130 59 158 48 181 232 136 184 0 139 165 115 142 211 65 145 187 147 149 54 30 151 120 85 110 178 203 193 72 202 173 41 23 3 164 197 97 39 116 156 55 225 213 238 16 56 176 177 155 64 180 34 19 157 28 31 50 174 170 189 78 53 192 183 79 137 209 125 91 135 200 201 146 237 15 17 172 113 239 77 168 224 20 24 104 112 217 216 228 212 103 38 222 22 143 131 26 44 218 21 51 231 188 12 117 166 89 138 100 235
40,51,482954,found,80,20,20,180,180,51,51,1,0,0,5862,212 136 80 160 151 111 26 203 100 9 147 140 31 13 17 143 117 169 113 16 181 179 103 24 194 109 188 114 28 229 66 225 89 234 195 95 64 37 197 15 102 189 162 129 233 137 173 131 71 142 108 51 23 53 88 55 56 222 207 58 60 139 167 125 200 41 30 168 135 69 70 4 171 106 204 205 76 92 78 59 120 163 82 83 84 85 202 112 42 105 124 127 54 93 11 35 96 10 19 116 172 3 40 2 157 209 73 27 34 14 0 5 211 74 107 154 52 98 214 178 149 121 199 235 90 165 126 164 208 198 184 79 156 133 190 8 48 158 49 187 94 237 33 128 183 20 45 180 148 63 110 1 196 216 123 213 206 215 145 159 192 104 62 81 91 166 22 68 220 25 115 231 39 12 150 182 230 38 119 228 97 146 57 144 219 185 153 61 6 65 32 191 218 170 7 50 152 177 43 101 72 201 86 99 87 75 44 18 77 134 46 47 174 155 118 161 186 236 122 176 221 67 175 132 232 210 227 226 21 29 130 36 224 223 138 193 217 141 238 239
